Id,Name,Address,Telephone,Email
1,Ann,862 Sycamore Rd,1457824125,ann@mail.com
2,Bob,123 Elm St,1452369874,bob@example.com
3,Carol,456 Maple Ave,1478523698,carol@sample.net
4,David,789 Oak Rd,1425369874,david@mail.com
5,Emma,321 Pine St,1457896321,emma@inbox.com
6,Frank,654 Cedar Blvd,1432567894,frank@post.com
7,Grace,987 Birch Lane,1456978231,grace@myemail.com
8,Henry,159 Willow Path,1485963721,henry@webservice.org
9,Isla,753 Spruce Dr,1423789561,isla@internet.com
10,Jason,468 Palm Way,1475829632,jason@site.com
